{"train_batch_loss": 8.117944717407227, "train_neural_loss": 0.09047260135412216, "train_behavioral_r2": 0.8928866775750923, "train_behavioral_loss": 8027.4716796875, "_timestamp": 1710454774.8094044, "_runtime": 151.7652723789215, "_step": 7572, "test_batch_loss": 9.232439994812012, "test_neural_loss": 0.0864965170621872, "test_behavioral_r2": 0.8800317069287538, "test_behavioral_loss": 9145.943359375, "epoch": 102, "_wandb": {"runtime": 151}}