{"train_batch_loss": 0.1459016352891922, "train_neural_loss": 0.07918789982795715, "train_behavioral_r2": 0.9020552259359551, "train_behavioral_loss": 6671.37353515625, "epoch": 182, "_timestamp": 1710456250.6397617, "_runtime": 225.3388876914978, "_step": 13358, "test_batch_loss": 0.1596800833940506, "test_neural_loss": 0.07554208487272263, "test_behavioral_r2": 0.8820952907383447, "test_behavioral_loss": 8413.7998046875, "_wandb": {"runtime": 225}}