{"train_batch_loss": 0.8887237906455994, "train_neural_loss": 0.7260767817497253, "train_behavioral_r2": -0.003981853262965407, "train_behavioral_loss": 81323.5, "epoch": 0, "_timestamp": 1710517656.7126052, "_runtime": 5.509321212768555, "_step": 71, "test_batch_loss": 0.8002444505691528, "test_neural_loss": 0.6596552133560181, "test_behavioral_r2": -7.256210072992264e-05, "test_behavioral_loss": 70294.625, "_wandb": {"runtime": 5}}