{"train_batch_loss": 0.2556253969669342, "train_neural_loss": 0.09021268784999847, "train_behavioral_r2": -0.0212192994306295, "train_behavioral_loss": 82706.3515625, "epoch": 40, "_timestamp": 1710518890.628427, "_runtime": 57.54979610443115, "_step": 2951, "test_batch_loss": 0.2467627227306366, "test_neural_loss": 0.08590338379144669, "test_behavioral_r2": -0.004922521855866724, "test_behavioral_loss": 80429.6640625, "_wandb": {"runtime": 57}}