{"train_batch_loss": 0.23728525638580322, "train_neural_loss": 0.08573663234710693, "train_behavioral_r2": 0.9004367570092855, "train_behavioral_loss": 7577.43115234375, "_timestamp": 1710455806.5486088, "_runtime": 119.15820074081421, "_step": 6934, "test_batch_loss": 0.25337913632392883, "test_neural_loss": 0.08249945938587189, "test_behavioral_r2": 0.8900713781103902, "test_behavioral_loss": 8543.984375, "epoch": 94, "_wandb": {"runtime": 118}}