{"train_batch_loss": 0.1280234307050705, "train_neural_loss": 0.06529394537210464, "train_behavioral_r2": 0.8105988900412991, "train_behavioral_loss": 12545.8974609375, "epoch": 510, "_timestamp": 1710516793.4877377, "_runtime": 652.7078087329865, "_step": 37302, "test_batch_loss": 0.13112352788448334, "test_neural_loss": 0.057294927537441254, "test_behavioral_r2": 0.7856257372787002, "test_behavioral_loss": 14765.720703125, "_wandb": {"runtime": 652}}