{"train_batch_loss": 57.943119049072266, "train_neural_loss": 0.1267632395029068, "train_behavioral_r2": 0.17092872382512503, "train_behavioral_loss": 57816.35546875, "_timestamp": 1710454439.029018, "_runtime": 30.7033748626709, "_step": 614, "test_batch_loss": 65.7508544921875, "test_neural_loss": 0.11003568768501282, "test_behavioral_r2": 0.13168185404414895, "test_behavioral_loss": 65640.8125, "epoch": 7, "_wandb": {"runtime": 30}}