{"train_batch_loss": 0.2661901116371155, "train_neural_loss": 0.09843718260526657, "train_behavioral_r2": -0.0016838688428404414, "train_behavioral_loss": 83876.4609375, "epoch": 20, "_timestamp": 1710517182.8473282, "_runtime": 31.10291028022766, "_step": 1532, "test_batch_loss": 0.25074243545532227, "test_neural_loss": 0.09680066257715225, "test_behavioral_r2": -0.012462295356069242, "test_behavioral_loss": 76970.8828125, "_wandb": {"runtime": 30}}