{"train_batch_loss": 0.07240419089794159, "train_neural_loss": 0.05381658300757408, "train_behavioral_r2": 0.7987893637976312, "train_behavioral_loss": 13940.7080078125, "epoch": 749, "_timestamp": 1710520778.787413, "_runtime": 1020.5369918346405, "_step": 53999, "test_batch_loss": 0.05879019573330879, "test_neural_loss": 0.04163156449794769, "test_behavioral_r2": 0.8406415468524078, "test_behavioral_loss": 12868.9736328125, "_wandb": {"runtime": 1019}}