{"train_batch_loss": 0.10283924639225006, "train_neural_loss": 0.062320202589035034, "train_behavioral_r2": 0.7558060713598904, "train_behavioral_loss": 20259.5234375, "epoch": 499, "_timestamp": 1710519601.9516308, "_runtime": 621.7884707450867, "_step": 35999, "test_batch_loss": 0.07615764439105988, "test_neural_loss": 0.046389274299144745, "test_behavioral_r2": 0.7841065391297704, "test_behavioral_loss": 14884.18359375, "_wandb": {"runtime": 621}}