{"train_batch_loss": 0.24202382564544678, "train_neural_loss": 0.09008406847715378, "train_behavioral_r2": -0.015477251129272118, "train_behavioral_loss": 75969.875, "epoch": 40, "_timestamp": 1710517868.5588987, "_runtime": 61.035863637924194, "_step": 2951, "test_batch_loss": 0.24431520700454712, "test_neural_loss": 0.08733834326267242, "test_behavioral_r2": -0.005838355352889346, "test_behavioral_loss": 78488.4296875, "_wandb": {"runtime": 60}}