{"train_batch_loss": 0.24535752832889557, "train_neural_loss": 0.08817951381206512, "train_behavioral_r2": -0.000759567143682971, "train_behavioral_loss": 78589.0078125, "epoch": 30, "_timestamp": 1710517479.6307337, "_runtime": 39.906006813049316, "_step": 2231, "test_batch_loss": 0.2346181422472, "test_neural_loss": 0.08731384575366974, "test_behavioral_r2": -0.0028230853333843786, "test_behavioral_loss": 73652.1484375, "_wandb": {"runtime": 39}}