{"train_batch_loss": 7.167586803436279, "train_neural_loss": 0.08213482052087784, "train_behavioral_r2": 0.9130749341208315, "train_behavioral_loss": 7085.45166015625, "_timestamp": 1710455148.1079628, "_runtime": 301.0898268222809, "_step": 15492, "test_batch_loss": 7.226847171783447, "test_neural_loss": 0.08284202218055725, "test_behavioral_r2": 0.9162412909374351, "test_behavioral_loss": 7144.0048828125, "epoch": 211, "_wandb": {"runtime": 300}}