{"train_batch_loss": 0.23884712159633636, "train_neural_loss": 0.08617031574249268, "train_behavioral_r2": 0.900239268187514, "train_behavioral_loss": 7633.84033203125, "_timestamp": 1710455394.8492126, "_runtime": 106.87289762496948, "_step": 4597, "test_batch_loss": 1.5634042024612427, "test_neural_loss": 0.09563718736171722, "test_behavioral_r2": -0.006238272631152286, "test_behavioral_loss": 73388.3515625, "epoch": 82, "_wandb": {"runtime": 106}}